{"kt": 0.9259656992661702, "R": 1.8953590076677815, "armature": 0.00212106876676947, "q_offset": -0.03946417632172805, "friction_base": 0.224532546582755, "friction_viscous": 0.10774132426756514, "model": "m1", "actuator": "hls"}