{"kt": 9.334287225459708, "armature": 0.0035156501705968404, "error_gain_ratio": 0.8382993197078329, "q_offset": -0.006459240053180035, "friction_base": 0.7231566198995759, "friction_viscous": 0.9963359049046325, "model": "m1", "actuator": "hls"}