{"kt": 17.35951619901638, "armature": 0.04037016649066812, "error_gain_ratio": 0.05907955552047685, "error_gain_ratio1": 0.9402971576462311, "q_offset": 0.06525553360105452, "friction_base": 4.1472094602801945, "friction_viscous": 1.8549903283461595, "model": "m1", "actuator": "hls"}